SNP,effect_allele.exposure,other_allele.exposure,eaf.exposure,beta.exposure,se.exposure,pval.exposure,samplesize.exposure,exposure,mr_keep.exposure,pval_origin.exposure,id.exposure,data_source.exposure
rs2523443,C,A,0.908158395767359,0.057004,0.0058,5.942e-23,674452,MDD_Als_looUKB,TRUE,reported,qPZla4,textfile
rs7531118,T,C,0.469262406348961,-0.0310986,0.0033,1.192e-20,674452,MDD_Als_looUKB,TRUE,reported,qPZla4,textfile
rs1021363,A,G,0.334683208465282,0.0298986,0.0034,4.925e-19,674452,MDD_Als_looUKB,TRUE,reported,qPZla4,textfile
rs4632195,C,T,0.493021754074303,-0.0272993,0.0032,6.848e-18,674452,MDD_Als_looUKB,TRUE,reported,qPZla4,textfile
rs61902811,G,A,0.675191026878814,0.0284028,0.0033,1.538e-17,674452,MDD_Als_looUKB,TRUE,reported,qPZla4,textfile
rs7617480,A,C,0.213546566772225,0.0323026,0.0038,2.111e-17,674452,MDD_Als_looUKB,TRUE,reported,qPZla4,textfile
rs12963463,C,T,0.288262406348961,0.0298986,0.0035,3.68e-17,674452,MDD_Als_looUKB,TRUE,reported,qPZla4,textfile
rs12967855,A,G,0.319546566772225,0.0282959,0.0034,1.643e-16,674452,MDD_Als_looUKB,TRUE,reported,qPZla4,textfile
rs11763750,G,A,0.784683208465282,0.0324962,0.0039,1.838e-16,674452,MDD_Als_looUKB,TRUE,reported,qPZla4,textfile
rs4998957,G,A,0.515568320846528,0.0274984,0.0034,2.676e-16,674452,MDD_Als_looUKB,TRUE,reported,qPZla4,textfile
rs1372500,T,C,0.657158395767359,-0.0275048,0.0034,2.976e-16,674452,MDD_Als_looUKB,TRUE,reported,qPZla4,textfile
rs1931388,A,G,0.593704962539584,0.0263985,0.0033,5.648e-16,674452,MDD_Als_looUKB,TRUE,reported,qPZla4,textfile
rs1553172,G,A,0.491409925079169,-0.0256974,0.0032,1.45e-15,674452,MDD_Als_looUKB,TRUE,reported,qPZla4,textfile
rs7127383,C,T,0.397715839576736,-0.0260976,0.0033,1.948e-15,674452,MDD_Als_looUKB,TRUE,reported,qPZla4,textfile
rs1950829,A,G,0.494147518730208,0.0247024,0.0032,5.411e-15,674452,MDD_Als_looUKB,TRUE,reported,qPZla4,textfile
rs62535714,G,A,0.814978245925697,-0.0323992,0.0042,1.402e-14,674452,MDD_Als_looUKB,TRUE,reported,qPZla4,textfile
rs9074,G,A,0.732852481269792,-0.0272993,0.0036,2.063e-14,674452,MDD_Als_looUKB,TRUE,reported,qPZla4,textfile
rs9479138,T,G,0.359568320846528,0.0251998,0.0033,3.443e-14,674452,MDD_Als_looUKB,TRUE,reported,qPZla4,textfile
rs4131791,C,T,0.583841604232641,0.0242047,0.0032,5.083e-14,674452,MDD_Als_looUKB,TRUE,reported,qPZla4,textfile
rs28986310,C,T,0.948726716613887,-0.0521041,0.007,6.472e-14,674452,MDD_Als_looUKB,TRUE,reported,qPZla4,textfile
rs60157091,C,T,0.486863358306944,-0.0231049,0.0032,2.618e-13,674452,MDD_Als_looUKB,TRUE,reported,qPZla4,textfile
rs6765468,G,A,0.670852481269792,-0.0243952,0.0034,5.196e-13,674452,MDD_Als_looUKB,TRUE,reported,qPZla4,textfile
rs6479487,T,G,0.839,-0.0302015,0.0043,2.604e-12,674452,MDD_Als_looUKB,TRUE,reported,qPZla4,textfile
rs1890946,T,C,0.471863358306944,-0.022399,0.0032,2.792e-12,674452,MDD_Als_looUKB,TRUE,reported,qPZla4,textfile
rs10149470,A,G,0.484431679153472,-0.0227979,0.0033,3.02e-12,674452,MDD_Als_looUKB,TRUE,reported,qPZla4,textfile
rs5011432,A,C,0.605453433227775,-0.0225013,0.0032,3.261e-12,674452,MDD_Als_looUKB,TRUE,reported,qPZla4,textfile
rs11135349,A,C,0.445409925079169,-0.0221025,0.0032,3.363e-12,674452,MDD_Als_looUKB,TRUE,reported,qPZla4,textfile
rs2111593,C,T,0.644431679153472,-0.0231049,0.0033,3.457e-12,674452,MDD_Als_looUKB,TRUE,reported,qPZla4,textfile
rs72743363,G,A,0.863852481269792,0.0329027,0.0047,3.585e-12,674452,MDD_Als_looUKB,TRUE,reported,qPZla4,textfile
rs8089474,G,A,0.218169272804511,-0.027402,0.004,4.241e-12,674452,MDD_Als_looUKB,TRUE,reported,qPZla4,textfile
rs10119773,A,G,0.470442556190623,-0.021898,0.0032,4.774e-12,674452,MDD_Als_looUKB,TRUE,reported,qPZla4,textfile
rs11621186,C,T,0.50257919788368,-0.021898,0.0032,6.073e-12,674452,MDD_Als_looUKB,TRUE,reported,qPZla4,textfile
rs2894699,C,T,0.561557443809377,0.0221039,0.0032,6.645e-12,674452,MDD_Als_looUKB,TRUE,reported,qPZla4,textfile
rs4702,G,A,0.450863358306944,0.0218985,0.0032,7.639e-12,674452,MDD_Als_looUKB,TRUE,reported,qPZla4,textfile
rs612823,T,C,0.584967368888546,0.0226026,0.0033,9.202e-12,674452,MDD_Als_looUKB,TRUE,reported,qPZla4,textfile
rs61903412,G,A,0.487442556190623,0.0214973,0.0032,1.599e-11,674452,MDD_Als_looUKB,TRUE,reported,qPZla4,textfile
rs2509805,T,C,0.332010877037152,0.0228959,0.0034,1.605e-11,674452,MDD_Als_looUKB,TRUE,reported,qPZla4,textfile
rs2369818,C,T,0.576737593651039,-0.0222967,0.0033,1.938e-11,674452,MDD_Als_looUKB,TRUE,reported,qPZla4,textfile
rs10465137,C,T,0.389852481269792,-0.0217958,0.0033,2.235e-11,674452,MDD_Als_looUKB,TRUE,reported,qPZla4,textfile
rs4653218,T,C,0.423136641693056,0.0212036,0.0032,2.782e-11,674452,MDD_Als_looUKB,TRUE,reported,qPZla4,textfile
rs2214123,A,G,0.359147518730208,0.0221039,0.0034,5.814e-11,674452,MDD_Als_looUKB,TRUE,reported,qPZla4,textfile
rs7629352,A,G,0.695,-0.022399,0.0034,6.798e-11,674452,MDD_Als_looUKB,TRUE,reported,qPZla4,textfile
rs508502,C,T,0.692125764655905,0.0227981,0.0035,8.686e-11,674452,MDD_Als_looUKB,TRUE,reported,qPZla4,textfile
rs67446571,A,G,0.602273283386113,-0.0212032,0.0033,9.628e-11,674452,MDD_Als_looUKB,TRUE,reported,qPZla4,textfile
rs3802850,A,C,0.543071379470148,-0.0212032,0.0033,9.918e-11,674452,MDD_Als_looUKB,TRUE,reported,qPZla4,textfile
rs66511648,T,C,0.733737593651039,-0.0231049,0.0036,1.252e-10,674452,MDD_Als_looUKB,TRUE,reported,qPZla4,textfile
rs62170849,T,C,0.709557443809377,0.0225049,0.0035,1.387e-10,674452,MDD_Als_looUKB,TRUE,reported,qPZla4,textfile
rs34207047,C,A,0.483305914497567,0.0204005,0.0032,1.862e-10,674452,MDD_Als_looUKB,TRUE,reported,qPZla4,textfile
rs1267079,T,C,0.696284160423264,0.0218006,0.0034,1.945e-10,674452,MDD_Als_looUKB,TRUE,reported,qPZla4,textfile
rs9953768,A,G,0.515136641693056,-0.0202027,0.0032,2.296e-10,674452,MDD_Als_looUKB,TRUE,reported,qPZla4,textfile
rs13056300,T,C,0.720989122962849,-0.0230025,0.0036,2.526e-10,674452,MDD_Als_looUKB,TRUE,reported,qPZla4,textfile
rs114851235,A,G,0.943841604232641,-0.0476998,0.0076,2.701e-10,674452,MDD_Als_looUKB,TRUE,reported,qPZla4,textfile
rs7674555,A,C,0.469885112381247,0.0200967,0.0032,2.795e-10,674452,MDD_Als_looUKB,TRUE,reported,qPZla4,textfile
rs11612312,T,C,0.798295037460416,-0.0248974,0.004,3.038e-10,674452,MDD_Als_looUKB,TRUE,reported,qPZla4,textfile
rs2024842,A,G,0.529442556190623,0.0199987,0.0032,3.325e-10,674452,MDD_Als_looUKB,TRUE,reported,qPZla4,textfile
rs9931205,T,G,0.499568320846528,0.0199987,0.0032,3.609e-10,674452,MDD_Als_looUKB,TRUE,reported,qPZla4,textfile
rs4267411,C,T,0.824726716613887,0.0255995,0.0041,4.686e-10,674452,MDD_Als_looUKB,TRUE,reported,qPZla4,textfile
rs73581580,G,A,0.855399048042017,-0.0306963,0.0049,4.828e-10,674452,MDD_Als_looUKB,TRUE,reported,qPZla4,textfile
rs1548461,T,C,0.474694085502433,-0.0197028,0.0032,4.836e-10,674452,MDD_Als_looUKB,TRUE,reported,qPZla4,textfile
rs2025729,A,G,0.233715839576736,-0.0246001,0.004,5.009e-10,674452,MDD_Als_looUKB,TRUE,reported,qPZla4,textfile
rs7241572,G,A,0.794568320846528,-0.0285024,0.0046,5.387e-10,674452,MDD_Als_looUKB,TRUE,reported,qPZla4,textfile
rs145678014,G,T,0.961147518730208,0.0497992,0.008,5.584e-10,674452,MDD_Als_looUKB,TRUE,reported,qPZla4,textfile
rs1888286,T,C,0.708989122962849,0.0217028,0.0035,5.784e-10,674452,MDD_Als_looUKB,TRUE,reported,qPZla4,textfile
rs34488670,T,C,0.783715839576736,-0.0236986,0.0039,7.767e-10,674452,MDD_Als_looUKB,TRUE,reported,qPZla4,textfile
rs74927570,T,G,0.807841604232641,-0.0253999,0.0041,7.941e-10,674452,MDD_Als_looUKB,TRUE,reported,qPZla4,textfile
rs10514370,G,T,0.612978245925697,0.0202045,0.0033,8.81e-10,674452,MDD_Als_looUKB,TRUE,reported,qPZla4,textfile
rs9527064,G,A,0.675409925079169,-0.0208968,0.0034,1.002e-09,674452,MDD_Als_looUKB,TRUE,reported,qPZla4,textfile
rs11579246,A,G,0.891694085502433,0.0330962,0.0054,1.06e-09,674452,MDD_Als_looUKB,TRUE,reported,qPZla4,textfile
rs7147531,T,C,0.755125764655905,-0.0229002,0.0038,1.111e-09,674452,MDD_Als_looUKB,TRUE,reported,qPZla4,textfile
rs112171203,A,G,0.760841604232641,-0.0230025,0.0038,1.254e-09,674452,MDD_Als_looUKB,TRUE,reported,qPZla4,textfile
rs56029819,T,C,0.84942080211632,-0.0272993,0.0045,1.281e-09,674452,MDD_Als_looUKB,TRUE,reported,qPZla4,textfile
rs2570485,C,T,0.75242080211632,0.0222995,0.0037,1.325e-09,674452,MDD_Als_looUKB,TRUE,reported,qPZla4,textfile
rs12458596,A,G,0.623841604232641,-0.0199986,0.0033,1.351e-09,674452,MDD_Als_looUKB,TRUE,reported,qPZla4,textfile
rs2052187,T,C,0.786420802116321,-0.0235962,0.0039,1.48e-09,674452,MDD_Als_looUKB,TRUE,reported,qPZla4,textfile
rs12935276,T,G,0.713683208465282,-0.021898,0.0036,1.631e-09,674452,MDD_Als_looUKB,TRUE,reported,qPZla4,textfile
rs13066362,A,G,0.560262406348961,-0.0193969,0.0032,1.692e-09,674452,MDD_Als_looUKB,TRUE,reported,qPZla4,textfile
rs521048,A,G,0.265726716613887,-0.0225013,0.0037,2.123e-09,674452,MDD_Als_looUKB,TRUE,reported,qPZla4,textfile
rs13301360,T,C,0.661431679153472,0.0199987,0.0034,2.561e-09,674452,MDD_Als_looUKB,TRUE,reported,qPZla4,textfile
rs962961,C,T,0.667136641693056,0.0200967,0.0034,2.61e-09,674452,MDD_Als_looUKB,TRUE,reported,qPZla4,textfile
rs12160976,G,A,0.667431679153472,0.0219963,0.0037,2.707e-09,674452,MDD_Als_looUKB,TRUE,reported,qPZla4,textfile
rs28897173,T,C,0.719726716613887,0.0209001,0.0035,2.71e-09,674452,MDD_Als_looUKB,TRUE,reported,qPZla4,textfile
rs57022387,G,T,0.897284160423264,0.0308977,0.0052,2.86e-09,674452,MDD_Als_looUKB,TRUE,reported,qPZla4,textfile
rs73334065,T,C,0.935147518730208,0.0374018,0.0063,3.046e-09,674452,MDD_Als_looUKB,TRUE,reported,qPZla4,textfile
rs17255455,A,C,0.417978245925697,-0.0188974,0.0032,3.085e-09,674452,MDD_Als_looUKB,TRUE,reported,qPZla4,textfile
rs1128956,T,G,0.838590074920831,0.0251023,0.0042,3.202e-09,674452,MDD_Als_looUKB,TRUE,reported,qPZla4,textfile
rs62379847,A,C,0.650136641693056,-0.0198966,0.0034,3.339e-09,674452,MDD_Als_looUKB,TRUE,reported,qPZla4,textfile
rs2968485,C,T,0.304180149841662,-0.0242005,0.0041,3.356e-09,674452,MDD_Als_looUKB,TRUE,reported,qPZla4,textfile
rs7837935,T,G,0.14542080211632,-0.0263029,0.0045,3.594e-09,674452,MDD_Als_looUKB,TRUE,reported,qPZla4,textfile
rs9373363,A,G,0.728114887618753,0.0218006,0.0037,4.173e-09,674452,MDD_Als_looUKB,TRUE,reported,qPZla4,textfile
rs2933195,A,G,0.547885112381247,-0.0187038,0.0032,4.248e-09,674452,MDD_Als_looUKB,TRUE,reported,qPZla4,textfile
rs672230,T,C,0.511568320846528,0.0200967,0.0034,4.26e-09,674452,MDD_Als_looUKB,TRUE,reported,qPZla4,textfile
rs910187,G,A,0.64,0.0199007,0.0034,4.387e-09,674452,MDD_Als_looUKB,TRUE,reported,qPZla4,textfile
rs62175963,T,C,0.560694085502433,-0.0187955,0.0032,4.969e-09,674452,MDD_Als_looUKB,TRUE,reported,qPZla4,textfile
rs9353368,T,C,0.704863358306944,0.0202045,0.0035,4.996e-09,674452,MDD_Als_looUKB,TRUE,reported,qPZla4,textfile
rs4776729,A,G,0.872874235344095,-0.0277001,0.0048,5.687e-09,674452,MDD_Als_looUKB,TRUE,reported,qPZla4,textfile
rs35905305,T,G,0.52457919788368,-0.0185001,0.0032,5.694e-09,674452,MDD_Als_looUKB,TRUE,reported,qPZla4,textfile
rs3088142,C,T,0.572557443809377,-0.0187038,0.0032,5.981e-09,674452,MDD_Als_looUKB,TRUE,reported,qPZla4,textfile
rs10241070,C,T,0.757978245925697,0.0219963,0.0038,5.983e-09,674452,MDD_Als_looUKB,TRUE,reported,qPZla4,textfile
rs2522832,A,G,0.523,-0.0183982,0.0032,6.886e-09,674452,MDD_Als_looUKB,TRUE,reported,qPZla4,textfile
rs8035777,A,G,0.775726716613887,0.0222995,0.0038,7.09e-09,674452,MDD_Als_looUKB,TRUE,reported,qPZla4,textfile
rs12635614,G,A,0.473989122962848,-0.0182047,0.0032,7.211e-09,674452,MDD_Als_looUKB,TRUE,reported,qPZla4,textfile
rs4327001,G,A,0.60557919788368,-0.0187038,0.0032,7.492e-09,674452,MDD_Als_looUKB,TRUE,reported,qPZla4,textfile
rs728017,A,G,0.405885112381247,-0.0187038,0.0032,8.03e-09,674452,MDD_Als_looUKB,TRUE,reported,qPZla4,textfile
rs412891,G,T,0.265431679153472,-0.0211011,0.0037,8.459e-09,674452,MDD_Als_looUKB,TRUE,reported,qPZla4,textfile
rs12189424,A,G,0.357885112381247,0.0192044,0.0033,8.95e-09,674452,MDD_Als_looUKB,TRUE,reported,qPZla4,textfile
rs9561317,C,T,0.873295037460416,-0.027402,0.0048,9.03e-09,674452,MDD_Als_looUKB,TRUE,reported,qPZla4,textfile
rs72904286,C,T,0.890136641693056,0.0297044,0.0052,9.105e-09,674452,MDD_Als_looUKB,TRUE,reported,qPZla4,textfile
rs263130,A,G,0.563305914497567,-0.0183982,0.0032,9.121e-09,674452,MDD_Als_looUKB,TRUE,reported,qPZla4,textfile
rs927456,T,C,0.678694085502433,-0.0198048,0.0034,9.415e-09,674452,MDD_Als_looUKB,TRUE,reported,qPZla4,textfile
rs11682175,T,C,0.546453433227775,-0.0181029,0.0032,9.645e-09,674452,MDD_Als_looUKB,TRUE,reported,qPZla4,textfile
rs78689878,G,A,0.969284160423264,0.0546018,0.0095,1.054e-08,674452,MDD_Als_looUKB,TRUE,reported,qPZla4,textfile
rs2219498,C,T,0.532295037460416,-0.0182047,0.0032,1.06e-08,674452,MDD_Als_looUKB,TRUE,reported,qPZla4,textfile
rs1730864,C,T,0.327557443809377,0.0194006,0.0034,1.097e-08,674452,MDD_Als_looUKB,TRUE,reported,qPZla4,textfile
rs6713237,T,C,0.139295037460416,0.0264959,0.0046,1.103e-08,674452,MDD_Als_looUKB,TRUE,reported,qPZla4,textfile
rs10173817,C,T,0.45457919788368,0.0183015,0.0032,1.12e-08,674452,MDD_Als_looUKB,TRUE,reported,qPZla4,textfile
rs1435977,T,C,0.486273283386113,0.0183015,0.0032,1.164e-08,674452,MDD_Als_looUKB,TRUE,reported,qPZla4,textfile
rs10026036,C,A,0.368967368888546,-0.0187038,0.0033,1.185e-08,674452,MDD_Als_looUKB,TRUE,reported,qPZla4,textfile
rs4772087,C,T,0.616989122962849,-0.0187955,0.0033,1.285e-08,674452,MDD_Als_looUKB,TRUE,reported,qPZla4,textfile
rs6680839,C,T,0.484704962539585,0.0189984,0.0033,1.341e-08,674452,MDD_Als_looUKB,TRUE,reported,qPZla4,textfile
rs174546,C,T,0.640978245925697,-0.0187955,0.0033,1.355e-08,674452,MDD_Als_looUKB,TRUE,reported,qPZla4,textfile
rs510339,G,A,0.166557443809377,-0.0239034,0.0042,1.391e-08,674452,MDD_Als_looUKB,TRUE,reported,qPZla4,textfile
rs4628229,T,C,0.302600951957983,-0.0198966,0.0035,1.492e-08,674452,MDD_Als_looUKB,TRUE,reported,qPZla4,textfile
rs6798941,C,T,0.704284160423264,0.0209001,0.0037,1.523e-08,674452,MDD_Als_looUKB,TRUE,reported,qPZla4,textfile
rs2964031,T,C,0.819409925079169,0.0246048,0.0044,1.76e-08,674452,MDD_Als_looUKB,TRUE,reported,qPZla4,textfile
rs932663,G,A,0.0844290277670503,0.0311013,0.0055,1.873e-08,674452,MDD_Als_looUKB,TRUE,reported,qPZla4,textfile
rs148108087,G,A,0.938136641693056,0.0407964,0.0073,1.897e-08,674452,MDD_Als_looUKB,TRUE,reported,qPZla4,textfile
rs77030711,C,T,0.967568320846528,-0.0551005,0.0098,1.963e-08,674452,MDD_Als_looUKB,TRUE,reported,qPZla4,textfile
rs12190823,G,A,0.773125764655905,-0.0214995,0.0038,1.978e-08,674452,MDD_Als_looUKB,TRUE,reported,qPZla4,textfile
rs4620605,C,T,0.197989122962849,0.0221039,0.0039,2.056e-08,674452,MDD_Als_looUKB,TRUE,reported,qPZla4,textfile
rs56059718,C,A,0.806284160423264,-0.022399,0.004,2.243e-08,674452,MDD_Als_looUKB,TRUE,reported,qPZla4,textfile
rs11191658,A,G,0.678284160423264,0.0199987,0.0036,2.297e-08,674452,MDD_Als_looUKB,TRUE,reported,qPZla4,textfile
rs11665315,C,T,0.487010877037151,0.0178006,0.0032,2.366e-08,674452,MDD_Als_looUKB,TRUE,reported,qPZla4,textfile
rs362280,A,G,0.535956491851394,0.0179971,0.0032,2.502e-08,674452,MDD_Als_looUKB,TRUE,reported,qPZla4,textfile
rs1909696,G,T,0.326694085502433,-0.0187955,0.0034,2.539e-08,674452,MDD_Als_looUKB,TRUE,reported,qPZla4,textfile
rs761777,A,G,0.739284160423264,-0.0208968,0.0038,2.577e-08,674452,MDD_Als_looUKB,TRUE,reported,qPZla4,textfile
rs907662,G,A,0.761852481269792,0.0222995,0.004,2.655e-08,674452,MDD_Als_looUKB,TRUE,reported,qPZla4,textfile
rs1644039,C,T,0.528978245925697,0.0178006,0.0032,2.73e-08,674452,MDD_Als_looUKB,TRUE,reported,qPZla4,textfile
rs993884,T,C,0.656600951957983,-0.0188974,0.0034,2.817e-08,674452,MDD_Als_looUKB,TRUE,reported,qPZla4,textfile
rs4671458,C,T,0.775535689735074,0.0221039,0.004,2.839e-08,674452,MDD_Als_looUKB,TRUE,reported,qPZla4,textfile
rs4785307,A,G,0.423431679153472,0.0184979,0.0033,2.886e-08,674452,MDD_Als_looUKB,TRUE,reported,qPZla4,textfile
rs2408225,T,C,0.551284160423264,0.0178006,0.0032,2.89e-08,674452,MDD_Als_looUKB,TRUE,reported,qPZla4,textfile
rs79057214,T,C,0.902568320846528,-0.0302015,0.0054,2.995e-08,674452,MDD_Als_looUKB,TRUE,reported,qPZla4,textfile
rs1320138,T,C,0.434726716613887,0.0178006,0.0032,3.086e-08,674452,MDD_Als_looUKB,TRUE,reported,qPZla4,textfile
rs55897719,C,A,0.682568320846528,-0.0188974,0.0034,3.138e-08,674452,MDD_Als_looUKB,TRUE,reported,qPZla4,textfile
rs79682552,G,A,0.975568320846528,-0.0591027,0.0107,3.154e-08,674452,MDD_Als_looUKB,TRUE,reported,qPZla4,textfile
rs11034962,T,C,0.60032766857187,-0.0185001,0.0034,3.219e-08,674452,MDD_Als_looUKB,TRUE,reported,qPZla4,textfile
rs11183747,C,T,0.576409925079169,0.0184979,0.0034,3.492e-08,674452,MDD_Als_looUKB,TRUE,reported,qPZla4,textfile
rs13388046,T,C,0.529453433227775,0.017496,0.0032,3.556e-08,674452,MDD_Als_looUKB,TRUE,reported,qPZla4,textfile
rs2292996,T,C,0.471945614814243,-0.0177974,0.0032,3.765e-08,674452,MDD_Als_looUKB,TRUE,reported,qPZla4,textfile
rs2866725,T,G,0.81357919788368,-0.0222047,0.004,3.978e-08,674452,MDD_Als_looUKB,TRUE,reported,qPZla4,textfile
rs12517438,T,G,0.470158395767359,-0.0175023,0.0032,4.365e-08,674452,MDD_Als_looUKB,TRUE,reported,qPZla4,textfile
rs6471757,G,A,0.394114887618753,0.0183015,0.0033,4.44e-08,674452,MDD_Als_looUKB,TRUE,reported,qPZla4,textfile
rs79979374,C,T,0.924147518730208,0.0330962,0.0061,4.76e-08,674452,MDD_Als_looUKB,TRUE,reported,qPZla4,textfile
rs61904960,C,T,0.867010877037151,-0.0252973,0.0046,4.908e-08,674452,MDD_Als_looUKB,TRUE,reported,qPZla4,textfile
